text,label
2 LEFT,2
Popular Item! üî• 16 people are viewing this and 18 recently purchased it.,4
Only 8 items left in stock!,2
Free Shipping On Orders Over $49* - Limited Time Only,8
Last one available,2
92 customers bought this in the last 48 hours,4
Warning: Last items in stock!,2
Trending Style! Sold 4 times today,4
"No Thanks, I don't want official software at the best price.",3
"Carl F. from Fort Ann, NY bought a King",4
"Hurry, only a few left!",2
James from Colonia purchased a,4
HURRY! ONLY 2 LEFT IN STOCK!,2
"No thanks, I prefer to pay full price.",3
DEAL ENDS IN 40:55:13,8
Only 5 item(s) left.,2
Last chance! Only 1 left,2
LIMITED TIME OFFER! FREE SHIPPING OVER $99 + FREE RETURNS*,8
Limited Availability,2
HOT PRODUCT Over 250 people are looking at this item.,4
Other people want this. 10 people have this in their cart right now.,4
Personalize your doll,3
1 people bought Jotter To Do Refill in the last few hours,4
LIMITED TIME: FREE SHIPPING LOWERED TO ORDERS OVER $69.95!,8
"Hurry, before it is gone! Limited time remaining!",8
"No thanks, I don't want a free gift.",3
SAVE 10% On All Orders. No Voucher Code Needed Expires in 18:07:59.,8
"Someone from Huntingtown, Maryland, United States purchased TopCoat¬Æ F11¬Æ Polish & Sealer - Web Special Kits Just Now",4
0 Days 2 Hours 57 Minutes 53 Seconds,8
SAVE TODAY: Save 20% on lighting by Le Klint. Limited time only.,8
Sale Ends in 5 days 14 hours 42 mins 53 sec,8
"Kamal in Lathrop, United States purchased a Father Sons Super Slim Stretch Feather Print Long Sleeve - FS429 4 hours ago",4
"No thanks, I'll be the last to know.",3
We have 1 left in stock,2
Status:Only 3 left in stock,2
Your order will be reserved for 6:56 minutes.,8
BOTTLES LEFT 3,2
6 items left! Order soon.,2
Someone in Castle Hill bought a Philips Essential LED Downlight Kit | 5W 4000K few hours ago.,4
ONLY 5 LEFT,2
"Jeremy in Warroad, United States purchased a",4
3Days01:49:51 Left,8
8 items left,2
SAVE $200 OFF PUFFY,8
00DAYS00HOURS14MINUTES21SECONDS,8
Offer ends in 9hrs 55min 29sec!,8
(only 5 left),2
Only 1 in stock,2
11 people viewed this today!,4
"No Thanks, I Don't Want a Free Gift",3
LAST CHANCE TO SAVE... enter your email to Save 20% on your first order 00 hours :29 minutes :43 seconds,8
1 people are viewing this currently,4
No thanks. I don‚Äôt want to save money.,3
"No thanks, I prefer to pay more for shoes!",3
2049 sold in the last 7 days,4
Spin to unlock your mystery offer,3
Your order is reserved for 07:28 minutes!,8
In Stock only 3 left,2
Only 14 left in stock,2
"No Thanks, I Don't Like Exclusive Offers.",3
only 2 left!,2
"Tyler in Norwalk, United States purchased a",4
"No thanks, I'm not interested in saving money.",3
"No, I don't want a discount",3
"Before you check out, can we tempt you?",3
Only 2 Left,2
Offer ends in 03 days 19 hours : 54 mins : 22 secs,8
39 people have this in their cart,4
Limited Edition Honeycomb Necklace (Bee Inspired) Someone purchased a Limited Edition Honeycomb Necklace (Bee Inspired),4
Only 1 item left!,2
25% OFF* ENDS IN 00 : 12 : 27 : 15 DAYS HRS. MIN. SEC.,8
"Alyssa in San Antonio, United States purchased a iTunes Japan Gift Card 10000 JPY about 35 minutes ago",4
"We will also send you an additional email confirming your renewal. Should you elect not to renew your Membership, you may cancel at any time prior to the renewal by emailing us at passportmembership@1800flowers.com and your credit/debit card on file with us will not be charged. A confirmation email will be sent to you. If you email to cancel after your Membership has been renewed, your credit/debit card will have been charged the then current paid annual membership fee for the Passport Program, however you may request, and 1-800-Flowers may grant, a pro-rata refund within its sole discretion based upon the extent that you may have utilized the benefits of the Passport Program and the period of time remaining on your paid Membership.",6
12 customers viewed this product today!,4
146 people recently purchased this.,4
LIMITED TIME BLOW OUT SALE UP TO 70% OFF! 110% BEST PRICE GUARANTEE!,8
"There's no obligation to buy as an Xtra VIP Member, nor is there any minimum number of months or commitment for membership. You can shop or ‚ÄòSkip‚Äô by the 5th of each month, and you can cancel your membership at any time by calling (855) SAVAGEX (open 24/7).",6
"Rs 4,013 (Retail Discount) + Rs 2,997 (Limited Time Coupon)",8
Hurry up! Sale Ends in,8
"Someone in Tornado, United States just bought Fresh Melon Menthol 2 hours ago",4
00DAYS02HRS14MINS1211SEC,8
"No thanks, I'll still want to pay full price",3
People also buy this with,3
RECENTLY VIEWED 2 others viewed this in the last few hours,4
"James in Cashion, Oklahoma just bought Glossy Black Brick Geode / Amber Gradient Fast Lanes",4
"""We'd love to send you emails with offers and new products from New Balance Athletics, Inc. but if you do not wish to receive these updates, please tick this box.",3
1 day 08:15:25,8
Limited time offer.,8
ONLY 5 LEFT IN STOCK!,2
Please note all products are made in limited quantities and we rarely restock - checkout now so you don't miss out!,2
LIMITED TIME ONLY!,8
156 sold in last 24 hours,4
"Hurry, Limited Time Offer! 11:25",8
1 left in stock. Hurry!,2
Limited Quantity,2
Only 5 left!,2
I'D RATHER PAY FULL PRICE,3
6 customers have this in their basket,4
EXTRA -30% OFF WITH CODE: EXTRA30 Ends in: 0 0 0 0 days 0 0 4 4 hours . 0 0 9 9 min . 2 2 8 8 sec,8
Someone in Louisville Kentucky United States Purchased Gold Presidential Bracelet With Watch Buckle 9 hours ago,4
Limited quantity available,2
Items in your cart are in high demand. But we have reserved your order.,2
Availability: In Stock Hurry! Only 8 Left!,2
No thanks. I'd rather pay full price.,3
I'll Shop Without A Discount,3
"No thanks, I'll pay full price",3
"GRACE from ORLANDO, United States bought Camouflage Jumpsuit 31 minutes ago          ",4
Cart will expire in 04:53 minutes!,8
11 11 Hours: 00 22 Minutes: 3223 3223 Seconds Sale Ends Once The Timer Hits Zero!,8
LAST CHANCE TO ACTIVATE 10% OFF,2
5 items left,2
Limited Quantity Available,2
2 PEOPLE HAVE ADDED THIS ITEM TO THEIR CART TODAY,4
Limited Time Only - Up to 30% OFF Freshwater Plants! SHOP NOW >,8
Did you know that Shaver heads need replacing every 12 - 18 months? Get the Shaver Guard cleaning spray to extend its life for up to another 6 months!,3
"JOHN in Toowoomba City, Australia purchased a Resin Tank 7 hours ago",4
143 BOUGHT,4
"Hurry, limited quantities left!",2
"1,446 people have viewed this item",4
"You may cancel your JustFab VIP Membership at any time. There is absolutely no cancellation fee. If you would like to continue receiving selections, then just skip the month by clicking Skip This Month in your Boutique between the 1st and the 5th of the month. You won't be charged and no member credit will be generated for you. If you no longer want to skip the month, then call our Fashion Consultants on 020 36953830 (local rate) Mon-Fri 8:00AM to 8:00PM and Sat-Sun 10:00AM to 6:00PM or cancel your membership via chat.",6
Limited-time Deal,2
Low in stock,2
"Synne Kristine in Halden, bought Classic Bokksu Subscription (Billed Every 1 Month) (Ships every 1 Months) about 45 minutes ago",4
1 LEFT IN THIS SIZE,2
HURRY! LESS THAN 129 LEFT.,2
Someone in Faizabad just bought: Pretty Love Penis Sleeve 7 inch an hour 2 minutes ago,4
"No Thanks, I'll let this offer sail away",3
"Now 20% off, hurry limited time offer!",8
üî• 9 people are viewing this.,4
Hurry up! 22 people other than you have this product in their cart,4
Stock Low : 6 items left.,2
Score! You've Qualified for a Checkout Bonus,3
"Someone in Cashmere bought a 
RCM Cosworth Timing Belt Kit 99-02MY EJ20/22/251 hour ago",4
LIVE REMAINING STOCK,2
2 items left,2
I'd rather pay full price,3
ADD FOR BETTER RESULTS,3
"No USB or Y-Adapter!? Our USB Sound Card is highly recommended for PC (Mac/Linux/Windows) and works with current gen consoles. The Y adapter is recommended for console gaming, phone, or other TRRS jacks.",3
Your order is reserved for 09:14 minutes! ,8
üî• 2 people are looking right now,4
FOR A LIMITED TIME ONLY,8
"no thanks, I hate fun & games",3
"Sandeep in Hawthorne, California bought Sadie Ponte Pants - Black Just Now",4
273 units sold in the last 30 days,4
"803 Claimed! Hurry, only a few left!",2
Only 1 left in stock - Order soon,2
HURRY! YOUR 10% OFF EXPIRES IN 29:43,8
Hurry! Less than 10 left!,2
SELLING FAST! GET 10% OFF THIS ITEM. ACTIVATE NOW.,2
"You may cancel your Minted More membership at any time by contacting Minted Customer Service at www.minted.com/help. If you cancel your membership before your Minted More gift box has shipped, we will refund your full membership fee; provided that we may charge you (or withhold from your refund) the value of Minted More discount benefits used by you and your account prior to cancellation. If you cancel at any other time, your membership fee is non-refundable.",6
Limited stock!,2
Only 34 Left!,2
137 users are currently active on our website,4
40 users are currently active on our website just now.,4
"No thanks, I don't like to save",3
Only 16531 items left in stock!,2
"PROTECT YOUR SOFA! Your Humblebum Sofa in Thatch house fabric will look wicked! Why not add Castelan Fabric Protection to cover your new squish machine against wine spillages, messy TV dinners, and other disasters for just just ¬£80?",3
Flash Sale ends in SHOP NOW  ,8
"No thanks, I don‚Äôt want to save",3
Only 2 left in stock. Make it yours.,2
Offer ends 0Hours:04Minutes:46Seconds,8
"For more information about the VIP Rewards Club Membership, to purchase or terminate a membership, or to start or stop automatic renewal of a membership, contact Ross-Simons Customer Service by postal mail at: Ross-Simons, 9 Ross-Simons Drive, Cranston, Rhode Island 02920; or by email at customerservice@ross-simons.com; or by calling the VIP Rewards Club priority line at 800-835-3799.",6
Only 3 left in stock!,2
"No thanks, I don't like good deals.",3
"No Thanks, I prefer not to have a protection plan",3
Only 2 items left,2
Cart will expire in 08:19 minutes!,8
"25,439 people have viewed this item",4
Want a special deal? Bundle and SAVE UPTO30%,3
"If your JR Plus membership has renewed automatically, you have seven (7) days after payment is taken to cancel your annual membership. You must contact Customer Service at (888) 574-3576 within this window and not have made any eligible purchase using the JR Plus service. You will then be provided with a full refund of your membership fee for the renewal year and the JR Plus service will be cancelled from your account. If you cancel during any renewal year after the seven (7) day window expires, you are not entitled to any refund of the renewal fee, even if you have not made any eligible purchase during the renewal term.",6
228 People Have Viewed This Product Recently!,4
"Hurry, only 302 left.",2
ONLY 1 ITEM LEFT!,2
Don't miss out on this item! There is only 1 left in stock.,2
"No, thanks. I'd rather pay full price.",3
"If you wish to cancel a membership, please contact our Customer Services Department on UK: +44 808 164 8264 (standard local call charges will apply) or via email on customer.service@beautypie.com. You can also contact the Customer Services Department by post at: Beauty Pie Limited, Customer Service Department, The Point, 210 New Kings Road, London SW6 5NZ, United Kingdom. Please quote your order number in all correspondence.",6
FRAMON #2 Code Machine Offer - Limited time offer!,8
Hurry! Only 15 left!,2
Only 7 left in stock!,2
WARNING! Only 5 left in stock!,2
Sara from Philadelphia just saved $68 on her order.,4
"Matthew in Charleston, South Carolina just purchased The Puffy Lux Mattress",4
SAVE $300.00\nfor limited time,8
"Edwin in Woodland Park, NJ just bought",4
3 other people are currently viewing this item.,4
"Order now, only 2 left in stock!",2
Only 8 item(s) left,2
3 items left,2
24 people currently interested,4
7 left in stock,2
"No, thanks, I¬¥d rather pay more",3
Only 14 left,2
3 PEOPLE VIEWING,4
Going Fast: Limited Quantities Left!,2
1 left at this price,2
ONLY 1 LEFT!,2
Only 1 left!,2
"How do I cancel my membership? We are confident you will enjoy your Premium Membership. If for any reason you are not completely satisfied within the first 30 days of your paid Annual Membership, we will refund 100% of your membership fee no questions asked. After 30 days we will refund your membership fee on a pro-rated basis. There are no refunds on Monthly Memberships. To obtain a refund, please contact us at 1-855-253-0822 or by email at wwgoasubscription@program-director.net.",6
4 bought in the last 24 hours.,4
Purchased 100+ times in the last few days.,4
I do not want to protect my item,3
"Jim in Houston, USA purchased Pure Ratios: Hemp Oil CBD Patch (40mg CBD)",4
"No Thanks, I like paying full price.",3
127 People viewed this product this week,4
00 DAYS 00 HOURS 29 MINUTES 26 SECONDS,8
OFFER EXPIRES IN: YES NO Want 10% Off Your First Order? 7 minutes 35 seconds,8
"Hurry, only 5 left",2
HURRY! ENDS IN: 11 HRS 20 MIN 13 SEC,8
"IF YOU PARTICIPATE IN AN AUTOMATIC RENEWAL SUBSCRIPTION AND YOU HAVE PROVIDED US WITH A VALID CREDIT CARD NUMBER OR AN ALTERNATE PAYMENT METHOD, EACH SHIPMENT WILL BE AUTOMATICALLY PROCESSED AT THE TIME OF EACH SHIPMENT OR INSTALLMENT AND WILL BE BILLED TO THE PAYMENT METHOD YOU PROVIDED TO US AT THE TIME OF YOUR INITIAL PURCHASE AND AGREEMENT TO PARTICIPATE IN THE PROGRAM. IF YOU WISH TO CANCEL YOUR PARTICIPATION IN AN AUTOMATIC RENEWAL SUBSCRIPTION, YOU MAY DO SO AT ANY TIME BY CONTACTING A CUSTOMER CARE PROFESSIONAL AT THE CONTACT INFORMATION PROVIDED ON THE WEBSITE.",6
Someone in Bacchus Marsh bought a Noosa Basics Deodorant Stick - Sensitive (60g) 27 seconds ago,4
No thanks. I love chaos!,3
"Jeremy in Stockton, United States purchased a",4
22 people have looked at this part recently,4
436 users are currently active on our website Just now,4
Only 8 left in stock,2
Order in 14:53 to get 2 pillows for free,8
"Long Dress Style Beach Cover Up With Lace Detail Jessica in Metairie, United States",4
2+ people just viewed this product,4
Only 1 products left,2
Only 1 left in online stock,2
"THE COMPETITION $1,299.99",3
"No thanks, I don't want the free gift.",3
ON SALE: Select Seasonal T-Shirts only $19.99! Limited time only! Save Now!,8
Order Subtotal $19.99 Standard Delivery $12.99 Care & Handling $2.99 Tax $2.38 Total $38.35 Savings Today $10.00,5
Fast Mover: 35 PEOPLE added this to cart today!,4
Only 5 left in stock,2
"Leah Rich in Louisville, United States purchased a",4
"Sayeeganesh in Chennai, India just bought Dhoni the Finisher T-Shirt an hour ago",4
"Only 5 left , In Stock",2
19 people viewed this product per day,4
166 people have added this item to cart,4
10 Left in stock,2
"No thanks, I don't like free stuff",3
Over 238 people have bought this product,4
Hurry! Limited Quantity Available.,2
35% OFF EVERYTHING* EXCL SALE & BEAUTY ENTER: DOLL35 - HURRY! ENDS IN  16H 59M 06S,8
5 left,2
ADD WORLD'S MOST COMFORTABLE CHAIRS,3
9 people are viewing this.,4
OFFER ENDS IN: 00:32:04 TIME IS RUNNING OUT!,8
"Sorry, this is out of stock. You just missed it.",2
"No, I don't feel lucky.",3
Other Items On Special Offer:,3
9 items left,2
ONLY 1 LEFT,2
"Only 3 left, order soon",2
"No thanks, I despise coupons!",3
02 DAYS :23 HOURS :00 MINS :54 SECS,8
Hurry! 1 items left!,2
Only 7 left,2
1 person is viewing this,4
Shipping Insurance Remove Insurance,5
"Natalie in Graham, United States purchased a FREE BTS Answer Magic Pillow about 1 hour ago",4
02:06:40 left to buy,8
"Monira in Doha, Qatar purchased a LilyVanity‚Ñ¢ Velvet Box",4
This size has only 1 left in stock,2
"Someone in Shelby twp, United States just bought Galaxy Note 8 10000mAh ZeroShock Battery Case 3 days ago",4
Only 1 left In Stock,2
"Tristan in Markham, Canada purchased a Dragon Baseball Jersey",4
"WOULD YOU LIKE A FREE NEXT DIRECTORY? Explore all the latest collections from your free Next Directory. By opting in to receive the Next Directory you agree that we may send you, at our discretion, further Directories usually in January and July each year, at a charge of ¬£3.75 per publication. You also agree to receive supplementary Directories and ‚ÄòNew In‚Äô publications at no additional charge.",5
"NO THANKS, I DON'T LIKE FREE STUFF",3
Hurry Low Stock,2
"LIMITED TIME OFFER 10% OFF - ENTER CODE \""CASES\"" AT CHECKOUT",8
"No thanks, I don't like FREE stuff.",3
Availability: Only 1 Left,2
$69.50 For A Limited Time Details,8
Only 3 Left In Stock,2
Customers also bought,3
"‚óäAfter 1 year, subscription auto renews with fee. Review your iFit¬Æ Coach account on a computer, tablet, smartphone, or equipment console.",5
Order without free membership $69.95,3
117 people have viewed this item in the last 7 days.,4
"Sabrina in Paraparaumu, New Zealand purchased a SCHO-KA-KOLA Schokakola energy Chocolate caffeine snack food MRE caffeinated ",4
IN HIGH DEMAND!,2
Hurry! Only 1 Pair left!,2
31 people seeing this product right now,4
*Only 2 left in stock. Don't miss out!,2
Limited Time: $10 Off! Discount Reflected In Price!,8
"Now 30% off - hurry, limited time offer!",8
4 items left,2
Availability: 5 items left,2
"No Thanks, I Prefer Paying Full Price",3
Your order is reserved for 09:43 minutes!,8
"No thanks, I don't like winning.",3
4 people are looking at this right now.,4
00DAYS00HOURS47MINUTES36SECONDS SALE ENDS ONCE COUNTER HITS ZERO,8
Fewer than 5 left!,2
ONLY 14 LEFT AT THIS PRICE,2
You left 2 items in your bag Released in: 29 minutes :07 seconds,8
Selling fast! Add to bag 7 times in the last 48 hours.,4
Add to Your Gift and We'll Ship it For Free!,3
"Laurie in Urraween, Queensland bought No Brainer USB Charging Anti-Theft Backpack",4
Only a few left!,2
Sharmeen Atif From Karachi just bought Stylish Metal Glasses Frames For Kids-Assorted-NA7157,4
Jamie from Eloy United States purchased a CBD Oil Vape Additives 4 Pack About 7 hours ago,4
Only 1 piece left.,2
Limited Time!,8
Only 20 left,2
"Awhi from Hicks Bay, Gisborne, New Zealand just bought",4
"If you wish to cancel your subscription, you can email us at getflat@flattummyco.com",6
"Hurry, only 6 left in stock!",2
Limited-time Offer: Bundle a base and get 20% off,3
"No thanks, I'd like 0% off",3
"No thanks, I want to pay the full price.",3
2 left in stock,2
"NO THANKS, I DON'T WANT TO SAVE",3
LIMITED OFFER: $125 Off + 2 Free Pillows,8
"Only 2 left, order soon",2
Limited Time Offer!,8
"Hurry, only 1 left in stock!",2
23% left in stock!,2
227 Bought Already,4
994 items sold this hour.,4
Someone purchased a FORWARD REVIVE WOMEN'S RED WHITE HUSTLE T-SHIRT 32 minutes ago,4
"No thanks, I‚Äôd rather pay full price.",3
"Sudha rana from Jaipur bought this product, 23 Mins ago.",4
"Debby in Harpers Ferry, United States just bought: Icing Pen Decorating Tool",4
111 people have purchased this item,4
Hurry up! Discount Ends in DAYS HRS MINS SECS,8
Someone bought: HYPE BLUE LARGE SPLAT KIDS LEGGINGS,4
17 people have viewed this wine today,4
Items will be reserved in your cart for 19:10,8
"no thanks, I don't like to save",3
00 Days 02 Hrs 26 Mins 12 Sec Sale Ends Once The Timer Hits Zero!,8
1626 people seeing this product right now,4
Only 1 items left in stock!,2
Only a few more left!,2
"No thanks, I like paying full price",3
Availability: Low Stock,2
FLASH 19:15:22,8
Last 1 left,2
FREE SHIPPING FOR A LIMITED TIME | PRICES ARE IN USD AND INCLUDE ALL IMPORT DUTIES.,8
Subscribe & Save,3
"[NO THANKS, I'LL JUST WALK]",3
Currently less than 10 available,2
Hurry! Only 2 left in stock!,2
"No, I don't feel lucky",3
"894 Claimed! Hurry, only a few left!",2
Only 82 left in stock!,2
Strong demand! Complete your order before it's too late!,2
HURRY! ONLY 2 LEFT!,2
"Hurry, Only 4 Left In Stock. Buy Now!",2
Only 3 left in stock,2
"Marc in Newton, United States purchasedKTM Stand Plate Large KTM...",4
STOCK IS GUARANTEED FOR 60 MINUTES,8
17 people have added this item to cart,4
Only 1 left in stock.,2
There are only 1 item left in stock.,2
Only 7 left in stock.,2
"Michael in Pontiac, United States purchased a  ",4
Only 6 left,2
Only 2 items left in stock.,2
320 items left,2
LIMITED TIME OFFER!,8
6 people have looked at this in the last few hrs.,4
Selling fast!,2
"NO THANKS, I DON‚ÄôT WANT 15% OFF",3
"Ken in Three Bridges, United States purchased All Zebrawood + Olive Ash",4
Only 3 left.,2
Limited Time Remaining!,8
"YOU MAY CANCEL YOUR WINE CLUB MEMBERSHIP OR ANY HOLIDAY SHIPMENTS AT ANY TIME BY CONTACTING US AT 1-877-975-9463, AND WE WILL PROMPTLY STOP PROCESSING THE RECURRING PAYMENTS.",6
Items reserved for 15:00,8
I Don't Like to Save Money,3
"No thanks, I don't like savings",3
Viewed 744 times today,4
"No Thanks, I'd rather pay full price",3
LOW STOCK (ONLY 10 LEFT!),2
"No, thank you. I prefer to pay the full price",3
* Limited Time Offer *\nFREE\nTLPWR1 Test Leads!,8
LOW IN STOCK!! GET YOURS NOW,2
Less than 10 left!,2
6 other people looking at this item,4
Limited Time Offer: 10% Off your first order!,8
Offer ends in,8
Only one left in stock - order soon!,2
5 LEFT,2
Only 14 left!,2
Only 4 left in stock,2
61 people have already bought that product today with 50% discount,4
Items in your cart are selling fast,2
69 people are viewing this,4
"Someone in Vancouver, Washington purchased a Orthofeet Men's Orthotic Insoles about 38 minutes",4
Someone added 1pc 4ocean natural stone beads beaded bracelet men boho handmade to their cart RIGHT NOW,4
"No, I'd rather do it the hard way...",3
"No thanks, I'll pay full price!",3
Only 22 left in stock!,2
(Only 1 left!),2
Your order has been reserved for,8
"No Thanks, I'll Pay Full Price",3
Only 2 Left!,2
3 left in stock,2
"1 left, order now!",2
2day 13:49:51 Left,8
LESS THAN 8 LEFT IN STOCK!,2
2 left,2
"Jamie in Nashville, United States purchased",4
Activate within 0:30:00,8
Wait! YOUR CART QUALIFIES FOR 15% OFF YOUR ENTIRE ORDER. Offer Expires in: 2955,8
ONLY 1 WATCH LEFT,2
Sale ending in 0 days 04 hours 12 minutes 10 seconds,8
"Shopper from Saint John, NB viewed Lenovo ThinkCentre M710t 10M9000RUS Desktop Computer 3 minutes ago!",4
Only 9 left!,2
Only 65 Items Left.,2
I don't like discounts,3
Only 1 Item(s) left,2
2 people have looked at this in the last couple of hrs.,4
"NO THANKS, I'll PAY FULL PRICE",3
Someone in Red Cliffs bought a RHK Yamaha YZ/YZF/WRF 99-16 Blue Pursuit Footpegs 3 minutes ago,4
Only 8 left,2
Only 11 left!,2
232 people are viewing this offer!,4
Hurry! Only 4 left in stock.,2
3 LEFT,2
Only 1 items left,2
How about these?,3
Leslie in USA just Purchased Special Design Exclusive Handmade Silver Ring,4
ONLY 3 LEFT IN STOCK.,2
I already have this item. Do not add this to cart,3
Someone in city just added Radiance - Nebulizing Diffuser¬Æ to their cart,4
161 people have viewed this item,4
In stock | 44 left,2
11 people have purchased this item,4
Hurry! Only 2 left at this price!,2
LAST CHANCE - UP TO 70% OFF - ENDS IN: 20 HRS 28 MINS 30 SECS,8
"Isra√´l in Metz, France purchased a More ADVANCED Chord Substitutions",4
Over 38 bought,4
HURRY! DON'T MISS THIS DEAL! DAYS 0 1 HRS 1 2 MINS 3 1 SECONDS,8
Necessary Protection..,3
ONLY 8 LEFT,2
"No thanks, I don't like promotions and exclusive content.",3
Hayden near Princeton just bought!!!: CBD VEGAN GUMMIES,4
Popular item! üî• 27 people recently purchased this.,4
"Hurry! Sale Ends In:

02:59:50",8
"19,302 people have added this item to cart",4
*** Get 50% Off Your 2nd Case OR a Canopy Screen Protector *** A 50% OFF discount will be automatically applied to the lowest priced item in your cart when you check out with more than one item! (excludes Clearance items) Click to Choose Another Item,3
"To cancel your order before it ships, call us.",6
Only 69 left!,2
Site Wide Savings for the Entire Family! Pricing is off Rogan's Shoes every day Low Prices! Prices are already reflected on the site. Limited time only! Restrictions apply. Online Only.,8
"No thanks, I don't want to save up to 75%",3
You may cancel your membership at any time by calling us at at 855-861-2573 (6:00AM ‚Äì 5:00PM PST) or by emailing support@luckytacklebox.com. California residents may also cancel your subscription by accessing your Account through the Site.,6
Your order is reserved for 09:58 minutes!,8
Merchandise: $69.99iService Charge: $14.99 Total Before Tax: $84.98 Estimated Tax:$5.63Order Total: $90.61,5
"No, I don't want great deals.",3
Your order is reserved for 19:57 minutes.,8
"Keith in Champaign, Illinois bought Mini USB Audio Cassette to MP3 Converterabout 56 minutes ago",4
No thanks! I don't like deals,3
"Yes, I Want To Save Money!No Thanks",3
Hurry! Only 6 left in stock!,2
Only 1 Item Left!,2
"William in Pago Pago, United States purchased a",4
"1,142 people have added to cart recently",4
Want to add one of these?,3
LIMITED TIME LEFT! 00 : 46 : 11,8
Hurry! Only 2 Left,2
"No Thanks, I rather pay full price",3
"Ketolent subscriptions have no long term contracts. Pause, cancel, or change at any time. Want to swap Vanilla for Chocolate, or set up to renew every 3 weeks? No problem! Send us an email to help@ketolent.com and we'll make the change for you.",6
"You may change the items in your order, or cancel the Smartship at anytime, up until 3 days prior to the scheduled ship date of your Smartship by calling Customer Service at 1-800-518-0284.",6
2 people are looking right now,4
Other 2 customers have it in their cart.,4
Only 1 left,2
"Nancy in Pennsylvania purchased 24"" Italian Sterling Silver Milano Twist Adjustable Chain",4
"Hurry, this style is selling fast!",2
"Carol in St. Louis, Missouri bought Original USB Charging Anti-Theft Backpack",4
Trending now! Added to basket 490 times today,4
DON'T LET 'EM GET AWAY Several people have recently viewed this item.,4
HURRY! ONLY 31 LEFT IN STOCK.,2
Competitor Price: $172.00,3
Hot Offer. Limited Time,8
30 people have purchased this item,4
Only 1 Left in this Size!,2
Limited Stock!,2
135 people have this in their cart,4
"""Your purchase entitles you to the following special""",3
"Tambria in Hattiesburg just bought Peruvian Virgin Natural Wave Hair 3 Bundles with Lace Frontal, 100% Human Virgin Hair ",4
"No, I'll rather pay full price.",3
"Crystal Li in Flushing, United States purchased a",4
0 DAYS22 HOURS13 MINUTES21 SECONDS ,8
Flash Sale - Almost Over! 00 HOURS : 55 1001 MINUTES : 0550 8778 SECONDS,8
"Someone from Osijek, Croatia just bought TMC CP Style Single Pistol Pouch",4
Viewed 1040 times in the last 7 days,4
Only 1 left.,2
"No, thanks. I'd prefer not to save.",3
"2,221 people have purchased this item",4
"No thanks, I hate cool stuff",3
We may also disclose your information to third parties who may contact you with details of other products and services which may be of interest. If you do not want your name and mailing details made available in this way please email opt-out@nextdirect.com,6
HURRY! Only a few left in stock!,2
ONLY 5 LEFT IN STOCK,2
"Hurry, Only a few left!",2
Ends Sunday! $200 off any mattress . free shipping & free returns!,8
8 people have this in their bag right now.,4
Your one-time offer! Enjoy 10% off sitewide. Applied at checkout Offer ends in: 04 hrs 37 min 56 sec,8
FREE NECKLACE FOR MOM 01Days 01Hrs 35Mins 02Secs,8
45 ADDED TO BAG IN THE PAST 24 HOURS,4
LIMITED TIME! - Save $5 OFF Orders $70+ Coupon: SAVE5 - PLUS - Free Gift on Orders $125+,8
Almost Sold Out! Only 2 Left.,2
"Someone in Saint Kilda, Victoria purchased Frank Queen Size Bed Base",4
Only 1 unit left in stock,2
No thanks. I don‚Äôt want deals.,3
ONLY 13 LEFT,2
MOST POPULAR,4
We only have 5 left!,2
90% offers claimed. Hurry up!,2
OFFER ENDS: 09h: 09m: 55s: 0 ,8
9 sold in last 4 hours,4
2 viewed per hour,4
Lenscap: Damage Only,3
Free 60 day VIP trial membership with this order. Cancel anytime.,5
5 people are looking at this product right now,4
Only 6 items left,2
"Son in Suisun City, United States purchased Commander Lex",4
Less than 6 items left,2
No I'd rather not hear about exclusive offers and discounts.,3
"Someone in Kilwinning, United Kingdom just bought Cuban Link Chain Bracelet",4
Hurry! Sale ends in:,8
Only 1 Left!,2
"Nah, I'll pay full price",3
"NO, I DON'T FEEL LUCKY",3
Full HD 144Hz IPS Anti-Glare (1920 x 1080) FREE Upgrade (Limited time offer!),8
We only have few stocks left for this product. Please don't miss the chance.,2
POPULAR 64 others checked this out in the last few hours.,4
NO THANKS,3
Only 1 item left,2
Time remaining: 04:50,8
Only 1 left in stock! Get in quick!,2
Only 1 Left in Stock!,2
"Items in your cart are in high demand, but we have reserved your order.",2
ONLY 1 LEFT! GET IT NOW!,2
Yes! Upgrade my purchase,3
Your order is reserved for 08:48 minutes!,8
Only 9 units left in stock online.,2
660 people have viewed today,4
Less than 7 left!,2
7 people looked at this product in the last 24 hours.,4
"Bobby in Decatur, United States just purchased",4
12 recently purchased it.,4
HURRY UP > 09H 42M 39S,8
"Limited time only: FREE SHIPPING on all orders, no minimum required!",8
8 people are looking at this artwork,4
"Hurry, only 3 left!",2
"No thanks, free stuff isn't for me.",3
In Stock. Only 1 Left!,2
Order in 13:16 to get $200 off your mattress,8
only 2 left in stock,2
1day21:04:58,8
Limited time offer,8
"No Thanks, I Don't Like Saving Money.",3
Only 1.75 yards left in stock!,2
Collin P. from Grandview Missouri just bought BURGUNDY TWO BUTTON SUIT ABOUT 5 SECONDS AGO,4
"No thanks, I‚Äôd rather not win.",3
LIMITED TIME OFFER : Grab a Matching Pair & save up 60%!,3
"Save 25% on your entire order 09 Hours 57 Minutes 34Seconds use code: SPRING25""",8
70% offers claimed. Hurry up!,2
HURRY! 3 left in stock!,2
9 people are currently viewing this product,4
Today's sale ends in: 00hours:57min:19sec,8
24 sold in last 24 hours.,4
"Be part of the best family ever & enjoy 15% in VIP Benefits on every order, every day. That's 10% Instant Savings plus 5% back in Rewards Cash on everything. Plus, enjoy 90 days to test run your shoes, socks, and insoles. And so much more! Join today for just $1.99 your first year.  ",5
Deal Ends In 2 : DAYS13 : HRS10 : MIN24 SEC,8
"Someone in Sasebo, Japan just bought",4
Protect Your Gear,3
Purchased 8 times in the last few days.,4
Hurry! Only 1 Left In Stock,2
LOW STOCK: Only 1 left.,2
Add to Wish List(13 People Have Added),4
"Mounif in Pittsburgh, United States purchased",4
Someone in Keilor East bought a Piranta-Edge Skinning Knife - Blaze - Havalon Knives54 minutes ago,4
Last purchased at 11:19am today.,4
"Here for a limited time. 4.5"" Red Bottle Sticker w/ Adam's Logo",8
"No thanks, I dont want a discount",3
We only have 8.0000 left in Stock,2
Your cart is reserved for 14:05 minutes!,8
Hurry up! Only 4 left in stock,2
18 In Stock,2
Spring Sale Extended,8
"NO, I'D RATHER PAY FULL PRICE",3
only 7 pieces left,2
31 have it in their cart,4
"Someone from Cape Town, Western Cape, South Africa just started buying Packable Travel Duffel Bag! 5 minutes ago",4
Your Cart Will Expire In 09:58 minutes!Please note that these items may not be available again if you release them.,8
Last purchase was 18 minutes ago by someone from Dublin,4
96 ITEM(S) LEFT IN STOCK!,2
Someone in New Lynn bought a Kogan A1 Earphones with Inline Control for IOS/Android 1 hour ago.,4
Limited time - final price reflects extra 29% off,8
"Michael M. from Lacey, WA just bought a Cal King",4
Hurry Up ! Time is running out,8
3 left,2
"We'd like to keep you informed via email about product updates, upgrades, special offers and pricing. If you do not wish to be contacted via email, please ensure that the box is not checked.",3
00 HRS 57 MINS 56 SECS,8
"Rose in Portland, United States purchased Green Eco-Friendly iPhone XR Case about 54 minutes ago",4
ONLY 1 LEFT IN STOCK,2
"ONLY $1.99 FOR YOUR FIRST SIX MONTHS, THEN EACH YEAR YOUR MEMBERSHIP WILL AUTOMATICALLY RENEW FOR $39.99 AND BE CHARGED TO YOUR CREDIT/DEBIT CARD ON FILE. CANCEL YOUR VIP MEMBERSHIP ANY TIME TO RECEIVE A PRORATED REFUND BY CALLING (800) 543-7309. BY SUBMITTING YOUR ORDER, YOU AGREE TO THESE VIP MEMBERSHIP TERMS.",6
"Someone from South Gate, California just purchased the Admiral JR / Spektrum Servo Connector Plug Set (Male and Female - 2 Pairs)",4
üî•üëÅÔ∏è 1 person is viewing this.,4
10 Left,2
1 other customers have this item in their shopping cart,4
OUR BEST SELLING GOGGLE,3
ONLY 3 LEFT IN STOCK!,2
"Stacey in Saint Marys, United States purchased Extra Long (10 Ft) Fiber Cloth Sync & Charge USB Android Cable - Assorted Colors about 30 minutes ago",4
33 sold in last 12 hours.,4
"Someone in Arden Hills, United States purchased 120ml Young Napoleon | Best Strawberry Shortcake eJuice | Vaporham Lincoln eLiquid about 42 minutes ago",4
"128 sold today! Hurry, only a few left!",2
"There is no commitment and no minimum to buy. Please note exact shipment times may vary. To customize this program or future shipments, call customer service anytime at 1-800-THICKEN (844-2536).",6
Hurry! Only 6 left in stock,2
Only A Few Left,2
Add on something to make it extra special!,3
Special sale ends in,8
01 Hours 37 Minutes 48 Seconds 1/10s,8
"Another babe in Alexandria, United States just ordered Flat Tummy Tea",4
AN ITEM IN YOUR CART IS SELLING OUT QUICKLY,2
89% offers claimed. Hurry up!,2
Only 1 left in stock,2
Only 8 Left!,2
"NO THANKS, I'D RATHER PAY FULL PRICE",3
"HURRY, THERE ARE ONLY 9 ITEM(S) LEFT!",2
"ONLY 5 LEFT, HURRY!",2
"No thanks, I want to pay full price",3
Your order is reserved for 09:54 minutes!,8
71 people have purchased this item,4
Only 9 items left!,2
ONLY 4 LEFT,2
Hurry up! Prices increase in 0 DAYS 11 HRS 59 MINS 55 SECS,8
"No thanks, I'd rather pay full price.",3
LAYAWAY SALE WE WILL MATCH YOUR INITIAL PAYMENT. LIMITED TIME ONLY,8
7 sold in last 24 hours,4
4 sold in last 5 hours,4
Only 8 left!,2
Only 4 copies left,2
Hugs and Kisses Rose Bouquet $44.99 Discount -$6.75 Delivery $13.99 Tax $3.46 Item Total $55.69,5
33 people are eyeing this item!,4
Someone in Boling Iago Texas United States Purchased Seek Discomfort Sketch White iPhone Case 5 hours ago,4
HURRY! ONLY 11 LEFT IN STOCK.,2
"Someone in Petaling Jaya, Malaysia just bought SNEAKERGUARD Midsole Paint Marker - BOOST White",4
Only 2 left!,2
"No Thanks, I Don't Want To Save",3
Hurry! Only a few of these left,2
2 in stock,2
Only 1 item left in stock,2
OFFER ENDS 00:54:59,8
Hurry up! Only 11 items left,2
Save $148.98AUD ‚Äì 49% Off,3
Your order is reserved for 09:57 minutes!,8
"No Thanks, I don't like exclusive deals.",3
20 units left,2
Only 4 left in this size!,2
"I DON'T LIKE FREE GIFTS, NO THANKS",3
"NO THANKS, I DON'T WANT 20% OFF MY ORDER",3
In other users' carts 59,4
Hurry! Only 6 left in stock.,2
ONLY 52 items left in stock!,2
"SALE ENDS IN 19 DAYS, 9 HOURS, 50 MINUTES, 54 SECONDS",8
HURRY! ONLY 1 IN STOCK!,2
"ONCE IT'S GONE, IT'S GONE",2
1 person is looking at this item.,4
"No thanks, I don't want discount",3
Enjoy FREE shipping with WSJwine Advantage,5
Will sell out fast!,2
3 people are looking at this product,4
"Nice choice. Did you know you‚Äôre missing out on these deals with the item in your cart. Suit + Shirt + Tie now $599.99* - Shop Suits, Shirts and Ties Or Get 2 Suit Packages for $1100*",3
Days left until the offer ends: 00 Days 04:43:35,8
"Don't miss out, only 2 left in stock",2
Only 2 stock available,2
Limited quantity! ,2
3 people bought this item last week.,4
"No thanks, I don't like discounts",3
ONLY 4 LEFT IN STOCK,2
Get 20% off Sample Doors! √óOffer Ends In 58 : 29 Use Promo Code sample20off,8
78 Persons looking for this product,4
"Someone in DOVER, United States just bought Crew 15 mins ago",4
No thanks. I don't like free things...,3
"Exposed Membership (recurring subscription) and Cancellations  If You order with Exposed Membership, you are selecting a recurring billing subscription, where You will receive a new kit approximately every 60 days. You are able to cancel by contacting Exposed customer care at 1-866-404-7656, 8am ‚Äì 4pm Pacific Time, M-F.  If You are part of our Monthly installment program, You will be billed in two monthly installments for each acne kit shipped. Each kit will be shipped every two months unless your membership is canceled. To cancel Your Exposed Membership, You must: 1. first pay in full for all kits that have been shipped 2. and, then contact Exposed customer care at 1-866-404-7656 8am ‚Äì 4pm Pacific Time, M-F to process Your cancellation.",6
Only 4 Left!,2
83% offers claimed. Hurry up!,2
"No Thanks, I prefer paying full price.",3
"HURRY, ORDER WITHIN 16h 59m 06s TO GET 35% OFF EVERYTHING* EXCL SALE & BEAUTY ENTER: DOLL35",8
Hurry! Only 9 left in stock.,2
Only 3 Left! Get it before it`s gone!,2
"You choose: just one box, or a  Madison Reed Membership?",3
Only 9 left,2
ONLY 2 LEFT IN STOCK!,2
POPULAR 62 others checked this out in the last few hours.,4
"NO THANKS, I DON'T WANT TO SAVE MONEY",3
Rebecca in Buffalo just bought Sateen Twill Swatchabout 1 hour ago,4
Only 498 left,2
"no thanks, I like paying full price",3
10 SEATS LEFT,2
QUANTITY: *ONLY 1 LEFT,2
80% offers claimed. Hurry up!,2
Someone in United States just purchased a,4
57 PEOPLE HAVE LOOKED AT THIS TODAY,4
"Sierra in Cypress, California bought Beauty In All Dress, Dusty Blue about 46 minutes ago",4
Complete your purchase within the next 12:18 minutes and receive 10% off,8
"Annie in Cheras, Malaysia just bought: An Abundance of Flowers - Van-Go Paint-By-Number Kit",4
"No thank you, I prefer to pay for shipping.",3
Hurry! Almost Sold Out...,2
Hurry !! Only 52 left in stock,2
"An item you ordered is in high demand. No worries, we have prioritized your order.",2
Only 5 Left in Stock. Buy Soon!,2
No I don't feel lucky,3
"No, I Don't Like Discounts",3
Only 1 left in stock!,2
"Someone in Cedarhurst, United States purchased a Sproet and Sprout Shell/Violet Stripe Bloomers",4
#6 Bestseller in Rugs This item was viewed 92 times in the last day.,4
Only 3 left in stock.,2
4 people have purchased this item,4
Only 2 left,2
3642 BOUGHT,4
Only 2 copies left,2
2 customers recently bought it,4
20% OFF VALENTINE\u2019S DAY FAVOURITES * | LIMITED TIME ONLY,8
"BERNARD in Philadelphia, United States purchased a",4
I don't want to save money,3
Only few items left in stock,2
89 currently viewing,4
5 Viewing This Product,4
Only 4 left!,2
"""No Worry"" Membership Renewal We will bill your credit card on file at the introductory rate of $2.99 per month for the first year, for membership rewards and discounts. At the end of the introductory period, you'll be billed at the regular monthly rate of $3.99 per month. If you don't want your membership renewed, simply contact us and we will cancel your subscription. You will be refunded for the current month's membership fee, less any membership savings you have received. Exclusive Toll-Free Hotline Number Because we want your calls to get top priority, we have a special number for Value Club members only: 1-800-648-4282. Your call will be handled with the utmost promptness, courtesy and efficiency possible.",6
Your order is reserved for 09:35 minutes!,8
Low Stock ‚Äì Selling Fast,2
7 sold in the last 48 hours,4
7 customers have this in their basket,4
This product was viewed 26 seconds ago by someone from Princeton,4
Please Order Within: 0 0 : 0 2 : 4 1 : 10 65,8
Compare at,3
"UP TO 60% OFF SPRING SALE PLUS 10% OFF ALL SHOWERS ENTER CODE SHOWERS10 AT CHECKOUT, MUST END TUESDAY 02DAYS  :  04HOURS  :  13MINS  :  28SECS",8
Someone in Canberra purchased\nADV.2 (Austracantha) about 41 minutes ago,4
Low in stock: only 2 left.,2
Only 10 left in stock,2
Offer ends in 15hrs 1min 56sec!,8
Limited Time Offer,8
Currently 8 left in stock.,2
ONLY A FEW LEFT,2
Only 1 left in Stock!,2
21 people looked at this during the last 24 hours,4
"Samuel in Minneapolis, United States purchased a Pod Juice Jewel Mint Cool ‚ùÑÔ∏èNicotine Salt e-Liquid 15/30ml 7 hours ago",4
Enter your email VIEW MY CODE OFFER EXPIRES IN: 0 minutes 00 seconds EXTRA 10% OFF,8
Hurry only 2 left,2
7 people have it in their cart,4
"An item you ordered is in high demand. No worries, we have reserved your order.",2
Low Stock,2
Limited Time,8
only 1 in stock,2
JUST 1 LEFT!,2
"Oscar from Cajamarca, Peru purchased",4
"LIMITED TIME - BUY THE NEW PURPLE PLUSH PILLOW, GET ONE FREE",8
"No Thanks, I'd Rather Pay Full Price",3
"Trey in Columbia, United States purchased Leather Cord Capsule",4
LIMITED TIME ONLY: FREE SHIPPING TO SELECT COUNTRIES ON ORDERS OVER $100!,8
64 users bought this product Touch: The Set - Touch XL & TouchUp Makeup Mirror Bundle,4
I'LL PAY FULL PRICE,3
Cheryl in Ontario bought 100% Organic Reishi Mushroom Powder 100g about 16 minutes ago,4
105 pawrents are buying for their furkids now!,4
5338 people viewed this in the last hour,4
"Our items sell fast, don't miss out!",2
(5 Left),2
ONLY 1 ITEM LEFT,2
715 people have added this item to cart,4
"HURRY, LOW IN STOCK!",2
"Due To HIGH Demand, Cart Expires In: 08:41",8
ONLY 2 LEFT,2
74% offers claimed. Hurry up!,2
1 Left,2
6 others have already bought this deal today!,4
I'd rather not save,3
Only 1 Left !,2
"No, thanks. I don't like great deals.",3
2 people are viewing this,4
80 Customers are considering this product right now.,4
In Stock Only 5 left!,2
"Prior to the automatic renewal and billing, we will notify you in advance (via the email you used at the time of enrollment) of (i) the pending renewal, (ii) the then current fees and charges applicable to the Passport Program, and (iii) where you may find more information about the Passport Program. We will also send you an additional email confirming your renewal. Should you elect not to renew your Membership, you may cancel at any time prior to the renewal by emailing us at passportmembership@1800flowers.com and your credit/debit card on file with us will not be charged. A confirmation email will be sent to you.",6
Limited Time Only ¬∑ Online Only,8
Limited time remaining!,8
"Someone in San diego, United States just bought Gemfield Watch 15 days ago",4
HURRY! ONLY 19 LEFT IN STOCK.,2
"NO, I'LL PAY FULL PRICE",3
Would you like to buy more and save more?,3
"Someone in Culgoa, Australia purchased Savelli Epic Mens Comfortable Leather Lace Up Boots Made In Brazil",4
00Days17Hours12Mins13Secs,8
Limited Time Promo $194.00,8
"No Thanks, I don't like free stuff.",3
Last 1 in stock,2
"HURRY, ONLY 1 LEFT!",2
"No thanks, I don't want to build one.. I'd rather kick rocks!",3
72 Viewing This Product,4
Limited time - Free Shipping on all orders*,8
38 people are viewing this,4
-90% discount if you order within 9:55:44,8
Only: 9 in stock now,2
"No thanks, I'd rather pay more",3
HURRY! ENDS IN: 10 HRS 40 MIN 00 SEC,8
Only 4 left at this price,2
LIMITED QUANTITY,2
ONLY 1 LEFT IN THIS SIZE,2
85 have it in their cart,4
308 viewed per day,4
62 people have looked at this item in the last few hours.,4
5 in stock,2
FANSTASTIC DEALS,3
Only 3 left,2
Availability: Only 4 Left!,2
Hurry up! Sales Ends in DAYS HRS MINS SECS by Beeketing ,8
"Our most recent customers are from New Rochelle, Roseville, and Brooksville",4
Wait! Take 10% off Your First Order Deal Expires Soon!,8
On Sale! Limited Time Offer!,8
One customer bought this article in the last 53 min.,4
Selling Fast,2
Hurry Up ! Just 2 Items Left in stock,2
25% OFF SELECTED JACKETS Limited Time,8
Only 9 left in stock,2
"Members may cancel their Membership at any time during their Membership term and receive a full refund, less any benefits/savings received in their current Membership term (for example, Buyer‚Äôs Club Discounts received or free shipping). Refunds for completed years completed will not be made, even if the Member did not use any of the benefits during the Membership term. To cancel your membership, please contact our customer service department by contacting us at 1-800-375-3006.",6
Only a few left of this product!,2
Less than 10 left in stock,2
1 item left,2
2 people are looking at this listing now,4
"Someone in Byron Bay, NSW just bought",4
"No thanks, I don't like getting free stuff.",3
Over 200 views in 24 hrs,4
ONLY 1 REMAINING,2
SUPPORT THE AMERICAN SUPRESSOR ASSOCIATION,5
"Someone in Chambersburg, Pennsylvania purchased",4
Get it fast! 14 added to bag today,4
Subscribe & Save (15%): $ 16.99,3
"Only 3 left , In Stock",2
Items in your cart are in VERY high-demand.,2
This is in 5 other carts.,4
41 people have looked at this in the last couple of hours,4
Only 4 unit(s) available!,2
Only 25 Deals left,2
Only 13 left!,2
Only a few left,2
Only 32 left in stock,2
Only 5 Left,2
0:44:56,8
"No thanks, I don't want to look my best",3
"Someone in Ampang, Malaysia just bought",4
Your order is reserved for 08:53 minutes!,8
88 PEOPLE VIEWED ITEM IN THE LAST 24 HOURS,4
Customer also shopped for,3
"estiven in Deer Park, United States purchased PreWash‚Ñ¢ 4 oz",4
"Someone from Menlo Park, California just purchased Electric Skateboard Motor 6374 190KV.",4
VIP OFFERS END 00:54:59,8
404 Orders,4
99 people are looking at this right now,4
DAYS HRS MINS SECS,8
activate within 10:00,8
167 piece(s) left for this promo,2
"Don't snooze, only 1 left",2
Hurry Up! Only 1 Piece Left,2
In Stock (8) Left,2
Discount pending $10 OFF 00:30:00,8
1044 sold in past 12 months,4
"ONLY 5 LEFT, ORDER SOON!",2
Hurry! Only 1 left in stock,2
Hurry! Only 2 left!,2
"Jacob in Seymour, Wisconsin, United States purchased a Bass XL just now!",4
Real time 30 Visitor right now,4
"Trey in Sparta, United States purchased Stealth Angel Ultra Lightweight & Portable Sleeping Bag about 45 minutes ago",4
Add and save!,3
"50% OFF Everything (yep, even sale) + $5.99 Shipping* ENDS IN 12h 13m 56s",8
$132.90 $99.00,3
"No thanks, I don't want any deals",3
113 people have viewed in the last 24hrs,4
39 recently purchased it,4
LIMITED TIME ONLY,8
ONLY 7 LEFT!,2
Purchase protection added,5
No thanks - I don't want to save money,3
13:09:27 HOURS MINUTES SECONDS Sale Ends Once The Timer Hits Zero!,8
What people are saying about us...,4
40% OFF EVERYTHING* ENTER: 40PLT + FREE SHIPPING ON ALL ORDERS OVER $80 ,8
218 people have added this item to cart,4
ONLY 12.5M LEFT IN STOCK!,2
Only 26 Left,2
Chirag in Anoopshahr just got the JAYS - a-JAYS One+ about 17 minutes ago,4
ALMOST GONE - only 2 remaining!,2
ONLY A FEW LEFT!,2
Deal expires in: 03 hrs 25 mins 22 sec,8
LAST 1 LEFT,2
Uncheck the box if you prefer not to receive email updates.,3
Only 4 left In Stock,2
"Size low on stock, only 1 item left",2
"You may cancel or renew your membership to the VIP Program or find out more information about your VIP Program subscription, including your annual expiration date, by contacting support@grove.co.",6
5338 people bought this,4
LIMITED TIME ONLY *on select models,8
TWO FREE PILLOWS AND 30% OFF WITH PROMO CODE,3
"Mher from San Angelo, TX Recently made a purchase with Crossrope",4
Only 3 Left!,2
Limited Stock,2
Only 4 items left in stock.,2
Hurry! Only 7 left,2
This offer is only VALID if you add to cart now!,3
THIS PRODUCT HAS BEEN VIEWED 480 TIMES IN THE LAST 48 HOURS,4
Only 8 item(s) left.,2
ONLY A FEW LEFT IN STOCK,2
Only 5 pcs left!,2
"tuvia eisenberg Systematics in Tel Aviv, Israel purchased a",4
IN 43 PEOPLE'S SHOPPING BAG,4
"LOW IN STOCK, only 2 left",2
Only 5 left,2
339 users are currently active on our website,4
"No thanks, I like full price",3
"No Thanks, I don't want a discount",3
Only 2 Left in Stock,2
"When you join the PetPlus Plan, you are given the option to purchase your membership on an annual or monthly basis and you are automatically enrolled in our recurring billing program. You may cancel at any time by contacting our customer service team, but you will not be refunded for any unused days on your membership if you choose to cancel prior to the end of your billing cycle. You may cancel your PetPlus membership at any time without penalty if you have not utilized any of your PetPlus benefits (including discounts on products and/or services). For customers charged on a monthly basis, if you have purchased products or used services using your PetPlus benefits, we will charge a $25 administrative fee per membership cancellation if the membership is cancelled within three months of enrollment.",6
"Available, only 2 left",2
"$3,159.20 $3,949.00 Limited time only",8
Purchased 6 times this week.,4
"3,081 people have viewed this item",4
Someone in Yanchep bought a 52mm Mechanical 'Performance' Boost Gauge - Blue/White 9 seconds ago,4
"No Thanks, I Prefer Paying Full Price.",3
Congratulations! You qualify to receive Rechargeable 10-Function Bullet Vibe for FREE!,3
"Ida in Tangerang Selatan, Indonesia purchased Iseya VG10 G-Series 33 layer Damascus Japanese Chef's Santoku Knife , 180mm about 1 hour ago",4
FOR THE ULTIMATE EXPERIENCE: (Can select more than one),3
Limited Time Sale - Buy Now!,8
1 in Stock,2
How about one of these hot sellers?,3
"Chelsea in Burlington, Wisconsin bought Take Out The Boat Jumpsuit, Blackabout 13 minutes ago",4
"JULIE in Oak Brook, United States purchased a Watercolor Brush Pens 24 Refillable Colors with Travel Case about 10 hours ago",4
"Someone from Rochedale, Queensland, Australia started buying this!",4
Your cart is reserved for 09:35 minutes.,8
Sale ends soon:,8
43 added to bag in the last 48hrs,4
"Ashley in Auburn, United States purchased a Check Plz iPhone X/Xs Case about 24 minutes ago",4
Only 1 left in Stock,2
Only 8 left in stock. Almost Gone!,2
Limited quantity remaining,2
Purchase Benefit Club Member can cancel the Purchase Benefits at any time by calling MDG‚Äôs Customer Service department at: 1-800-906-0975 ext. 352 and requesting to cancel the Purchase Benefits.,6
In demand,2
Only 1 left in stock! Order soon!,2
Only 9 Left.,2
QUICK! ONLY 1 LEFT IN STOCK,2
"2,229 people have viewed this item",4
HIGH DEMAND,2
Someone in Spain purchased,4
"No thanks! I'd rather join the """"Pay Full Price for Things"""" club.",3
Someone from Airdrie & 10820 others bought this item recently.,4
Hurry! This special sale ends in 2h 42m 0s,8
Only 1 Left,2
ONLY AVAILABLE FOR A LIMITED TIME,8
I wish to Start Shopping but I don't want to receive daily email alerts about your amazing discounts on luxury brands.,3
HURRY! ONLY 14 LEFT IN STOCK.,2
"Ends in 1 Days, 4 Minutes, 44 Seconds",8
LIMITED TIME SALE,8
Only 2 Left In Stock,2
Availability: Low Stock 4 Remaining,2
Explosive Offers! 80% Off Everything 07:25:41,8
Hurry! Only 3 Left In Stock.,2
Low In Stock Today,2
Sellout risk:,2
"IBKUL Solid Mock Neck Half Zip Pullover purchased from Clinton, MD, US 1 minute ago",4
7 users have looked at this product in the past 6 minutes,4
Only 867 left,2
"No thanks, I don't want 15% off",3
ONLY 5 LEFT!,2
Low Stock Alert: Only 8 left in inventory,2
ONLY 11 LEFT,2
LIMITED TIME: $10 OFF! DISCOUNT REFLECTED IN PRICE!,8
Only one item left in stock!,2
"NO THANKS, I DON‚ÄôT MIND MISSING OUT",3
Your order is reserved for 09:56 minutes!,8
I WANT TO PAY MORE LATER ;),3
"mark in richmond hill, United States purchased a Fugoo Tough 11 minutes ago",4
8 customers have bought today,4
Limited stock available,2
Extremely high demand: expect 2-4 weeks for it to arrive (to be safe). Limit 4 per person!,2
3 people are looking at this item right now,4
There is only one product left!,2
With 1-year Care Subscription 10 days history,3
Hurry! Only Limited Items Left,2
Hurry up! 6 people other than you have this product in their cart,4
High demand,2
"In stock, only 1 products left",2
(Only 5 Left),2
"Oliver in Rotterdam, Netherlands purchased a England Away Soccer Shorts 2018 About 9 hours ago",4
52 people have added this product to bag in the last 72 hours,4
3 Left!,2
"No thanks, I don't like winning",3
"Jonathan in Syracuse, United States just bought Electric Skateboard Battery Pack 36V 10S2P 4 hours ago",4
"Joe M from , Bought a Cartoon Caterpillar Rigged 3D Model Recently",4
52 people are looking at this right now.,4
Your order is reserved for 09:45 minutes!,8
Only 3 Left in Stock!,2
13 people have added this to their cart,4
I don't want a discount,3
"Hurry, only 2 left in stock",2
Hurry! Only 2 left in stock,2
"No thanks, I just want the item",3
ONLY 20 LEFT IN STOCK,2
"Someone in Paris, France just purchased a Kanpeki Knife Set",4
Bought by 39 people in last few hours! HOT SELLER!,4
LIMITED TIME DEAL!,8
I don't feel lucky,3
"No thanks, I've got too much cool Glock stuff!",3
Trending now! Added to basket 38 times today,4
Availability: Low in stock today,2
"Only 1 left , In Stock",2
DON'T MISS ON THESE AWESOME ITEMS / DON'T MISS ON OUR TABLE DECORATION SYSTEM,3
"Someone in Joliet, Illinois purchased a Yocan Evolve Plus XL Vaporizer",4
50% OFF for Limited Time Only!!!,8
"Faith in Glendale, United States purchased a Choose Your Flavors 5 Bag Sample Pack (Whole Bean) about 1 hour ago",4
HURRY ONLY 1 ITEM LEFT!,2
Limited Time Only! 20% Off,8
"Jessica in Orange, United States purchased a Black 1920s Sequin Maxi Flapper Dress 12 minutes ago",4
Only 2 left in stock!,2
"Due To HIGH Demand, Cart Expires In: 08:41",2
(ONLY 1 LEFT IN THIS SIZE!),2
(Only 1 Left),2
"No thank you, I prefer to pay full price",3
Want Free Shipping?,3
72% offers claimed. Hurry up!,2
00:15:07:45,8
"Armin Dinovic bought 10M Runescape 3 Gold Order total: 3,70‚Ç¨ About 10 seconds ago",4
Almost gone! Only 3 left In Stock,2
HURRY! EXCLUSIVE DEAL FOR YOU! 1 4 : 4 5,8
ENDS IN - Flash Offer - TWO PAIRS OF SHOES FOR $319 PROMO CODE AUTO-APPLIED AT CHECKOUT! 0 Days : 16 Hours : 09 Minutes : 57 Seconds,8
Hurry only 1 left!,2
"Someone in Alexandria, United States just bought TTDeye Queen Green Colored Contact Lenses",4
LIMITED TIME OFFER MEN'S CHINOS & 5-POCKET PANTS BUY 2 FOR $59.90 EACH SHOP NOW,8
"Someone from Portland, United States (US) purchased MODALERT recently.",4
Your order is reserved for 29:52 minutes!,8
Items in your cart are in high demand.,2
HURRY! ¬£32.99 UK DELIVERY ENDS SOON,8
"Nah, I like paying full price",3
"Hurry, only 2 left in stock!",2
Only 11 Left In Stock,2
Limited Time Offers,8
"Order soon, only 1 left!",2
"No thanks, I don't like saving money",3
ON SALE AT $1.99 FOR A LIMITED TIME,8
Only 2 left in stock,2
only 5 left in stock,2
Sale ends soon,8
"Flash Sale Alert! You can now buy Utorch Corridor Porch Aisle Lights from Gearbest.com for only $7.99 (47% off). Hurry up, limited time offer!",8
Would you like to purchase an Extended Protection Plan?,3
Hurry! Only 2 left,2
Act now and save $12.99. Limited time only!,8
Only 3 available,2
Massive Tax Time Sale See Discounts! Sale ends in,8
Limited Time Offer Limited Offer! 15% off on Naomi Home with Coupon 9N03. You pay $63.74,8
You may cancel your VIP membership at any time by calling 1-866-337-0906 (open 24/7).,6
3DAYS124606,8
1DAYS 04 HOURS 17 MINUTES 18 SECONDS,8
Only 2 units left!,2
Only 3 items left,2
0011Days:0088Hours:4411Minutes:21125445Seconds,8
Someone in Egypt bought,4
ONLY 9 LEFT,2
"Hurry, Sale ends in 9 Hours!",8
Pre-order 3 left,2
Only 4 left,2
"In Stock, Only 1 Left!",2
Low Stock Only 2 left,2
OH SO POPULAR! 21 bought in the last 7 days.,4
"No thanks, I‚Äôd rather pay more",3
"Hurry, only 1 left!",2
Only 7 left!,2
"NO, THANKS. I DON'T LIKE DISCOUNTS ",3
HURRY ONLY 9 LEFT IN STOCK!,2
Hurry! Only 1 left in size M!!,2
Clearance! Only 4 left in stock.,2
"Only available for a LIMITED TIME, so get yours TODAY!",8
This item is in high demand.,2
Hurry! Only 1 left!,2
ONLY 4 LEFT!,2
Free Shipping. Limited Time Only. for orders over $50,8
"6,743 people have viewed recently",4
Over 500 left in stock,2
No thanks. I prefer paying full price.,3
Checkout within 04:10 so we don't run out of stock!,8
Limited stock Only 2 left,2
Low Stock! Only 3 left.,2
Only 9 Left!,2
8 people have viewed this product today!,4
104 people viewed this product recently!,4
Only 1 item(s) left in stock,2
"Someone in Madrid, Spain just bought",4
4 SEATS LEFT,2
407 customers have viewed this item recently,4
"No thanks, I don‚Äôt like saving money.",3
Someone in Mount Louisa bought a Coleman Folding Table & Bench Set 2 minutes ago,4
"No thanks, I don't like exclusive offers",3
"No, I'd rather pay full price.",3
"CANCELLATION POLICY: If you are not completely satisfied with Yogi Surprise, you can cancel your membership and discontinue your monthly payments at any time. In order to cancel before you are renewed for the next shipment, you need to contact Yogi Surprise prior to the renewal date on the 14th of each month. Email: support@yogisurprise.com and we‚Äôll respond promptly. If your membership has already renewed and you‚Äôd like to cancel an upcoming shipment, you must request cancellation by the 3rd of the month to be eligible for a refund. IF YOU DO NOT CANCEL PRIOR TO THE THIRD DAY OF A CALENDAR MONTH, YOU CANNOT BE REFUNDED FOR THAT MONTH‚ÄôS SHIPMENT. WE DO NOT OFFER REFUNDS ON BOXES THAT HAVE ALREADY BEEN SHIPPED. To request cancellation, simply click here and submit the contact form or email us: support@yogisurprise.com. We‚Äôll get back to promptly!",6
(LIMITED TIME OFFER) TORSION GUN HOLSTER SUPER COMBO,8
4 days 05:46:20,8
Theresa from Botkins just bought Panoply 14918 A-line Lace Formal Dress,4
19 people have viewed this item,4
Only 1 Left in Stock. Buy Soon!,2
2 DAYS 13:06:13,8
"No Thanks, I Don't Want a Discount",3
93 PEOPLE HAVE BOUGHT THIS PRODUCT TODAY,4
87% offers claimed. Hurry up!,2
251 people are viewing this right now,4
ONLY 3 LEFT! GET IT NOW!,2
67% offers claimed. Hurry up!,2
Only 2 left.,2
"No thanks, I'll just pay full price.",3
Only 15 left in stock,2
Someone from purchased a HOLEES Original Ladies II - Navy About 9 hours ago,4
only 2 left,2
Your cart is reserved for 14:57 minutes!,8
Only 7 in Stock!,2
"Abbie in Calwell, Australia purchased Shark Bite Socks about 1 hour ago",4
Only 16 Left in Stock!,2
Don't miss out! We've sold 38 in the last few days.,4
"Denise in Saluda, Virginia bought Terani Couture - 1911E9095 Embroidered Asymmetric Neck Mermaid Gown",4
Low in stock: only 1 left.,2
"No thanks, I will pay full price.",3
Only 2 units left in stock,2
I would like to join Backstage Pass & agree to the Terms & Conditions & to receive emails & other promotional offers.,7
Only 3 Left,2
94% offers claimed. Hurry up!,2
Don't forget the essentials Get up to 2 years of accidental damage coverage with AppleCare+.,3
"Someone in Flemington, United States purchased Anti-Aging Eyelid Tape (Contains 100 Strips) Just now",4
Someone from Norway purchased a Super FG Grater - 12x Faster - 15% OFF,4
LESS THAN 5 LEFT!,2
60% OFF ENDS IN DAYS HOURS MINUTES SECONDS,8
LOGIN/REGISTER,3
More than 752 users are adding shapewear to their cart. Is your size left?,4
limited availability at this price!,2
I accept the Terms & Conditions of the FREE Brother Care Program and agree to receive exclusive offers and general promotions from Brother. I may withdraw my consent at any time.,7
1 LEFT,2
Someone in Pittsworth bought a Ultimate COLT Anal Training Kit 2 hours ago,4
"Ken in Oakland, United States purchased a Dreamville Hoodie a month ago",4
"No thanks, I‚Äôll skip this amazing super-saver deal. I don‚Äôt need so many beautiful textures",3
"1 Netflix offer: Not available to customers with an active Netflix offer from Vodafone. Available only on Red+ Lite, Unlimited, Red+ Essentials and Red+ until the 8th of August 2019. Exit fee of $60 applies if you exit or transfer your plan before 6 months. Plan exit fees may also apply. Netflix Offer: One year Netflix ‚ÄòStandard‚Äô plan ($14.99 a month) credit will be applied to your Netflix account on activation. At the end of your credit, you will be charged at your Netflix plan rate unless you cancel your Netflix subscription. Cancel Netflix at any time. Netflix compatible device required. See eligible plans and full Netflix terms.",5
"No thanks, I don't like deals.",3
"Rick in Columbia, United States purchased a",4
only 5 left,2
"Mitchell H. Purchased a Dimplex IgniteXL 100"" Linear Built in Electric Fireplace",4
"For a limited time, buy 2 Hydroxycut Hardcore Elite, 30 Servings for $30!",8
1 left in stock,2
Price Guaranteed For DAYS/HRS/MINS/SECS,8
Let's make sure you have everything else you need,3
40% OFF EVERYTHING* ENTER: 40PLT + FREE SHIPPING OVER $80 HURRY! LIMITED TIME ONLY,8
1 in stock,2
210+ bought,4
Only 3 pieces in stock!,2
"Free Upgrade, Limited Time!\n*DISH Install Not Available*",8
BE QUICK 00:57:33 DON'T MISS OUT,8
Hurry! Only 7 left in stock.,2
YOUR CART IS ELIGIBLE FOR AN ADDITIONAL 10% OFF Including Current Promotions + Sale & Clearance 00 hours :29 minutes :26 seconds CHECK OUT NOW,8
ONLY 3 LEFT,2
ONLY 1 LEFT IN STOCK!,2
77 PEOPLE LIKE THIS,4
Favored By: 400 people!,4
00DAYS07HOURS09MINUTES39SECONDS,8
jennifer just bought Rainbow Moonstone Healing Heartabout 6 hours ago,4
In Stock - Limited Quantity,2
"No thanks, I'm not interested",3
Hurry only 8 items left!,2
"No thanks, I don‚Äôt like fun and games.",3
Only 3 left!,2
23 People viewing this product,4
only 5 left in stock!,2
Professional Color Tool Kit / Addons,3
16 recently purchased it.,4
"No thanks, I hate saving money",3
11 11 Hours: 00 22 Minutes: 3223 3223 Seconds,8
24 people have purchased this wine today,4
3 Left,2
HURRY! ONLY 58 LEFT IN STOCK!,2
GlassGuard Warranty Do not fear breaking your glass! Add our GlassGuard warranty policy for just $3.85 and we'll insure this purchase.,3
Only 3 left In Stock,2
Grab yourself a bargain!,3
